City_ID,City,Country,Date,Lat,Lng,Max Temp,Humidity,Cloudiness,Wind Speed
0,Saint-Philippe,CA,2019-11-04 03:58:50,45.36,-73.48,39.99,80,90,12.75
1,Namibe,AO,2019-11-04 04:08:05,-15.19,12.15,72.07,87,57,1.36
2,Jamestown,AU,2019-11-04 03:58:38,-33.21,138.6,63.41,42,11,18.34
3,Rikitea,PF,2019-11-04 03:58:31,-23.12,-134.97,74.26,80,100,10.94
4,Barrow,AR,2019-11-04 03:58:46,-38.31,-60.23,62.38,51,0,17.67
5,Ushuaia,AR,2019-11-04 03:58:32,-54.81,-68.31,39.2,96,40,18.34
6,Aklavik,CA,2019-11-04 04:00:52,68.22,-135.01,12.2,92,75,6.93
7,Constitucion,MX,2019-11-04 03:59:41,23.99,-104.67,59.0,82,75,9.17
8,Oriximina,BR,2019-11-04 04:08:07,-1.77,-55.87,84.36,64,25,1.23
9,Bredasdorp,ZA,2019-11-04 03:58:41,-34.53,20.04,59.0,79,40,10.0
10,Pundaguitan,PH,2019-11-04 04:08:08,6.37,126.17,83.37,71,30,9.35
11,Tasiilaq,GL,2019-11-04 03:58:59,65.61,-37.64,30.2,92,100,1.12
12,Atbasar,KZ,2019-11-04 04:08:08,51.81,68.36,26.87,93,100,21.23
13,Punta Arenas,CL,2019-11-04 03:58:39,-53.16,-70.91,42.8,70,90,26.4
14,Labuhan,ID,2019-11-04 04:08:08,-2.54,115.51,94.08,41,71,2.33
15,Tuatapere,NZ,2019-11-04 03:59:40,-46.13,167.69,70.88,35,100,6.96
16,Busselton,AU,2019-11-04 03:58:33,-33.64,115.35,78.01,36,0,6.73
17,Sao Joao Da Barra,BR,2019-11-04 04:00:37,-21.64,-41.05,74.41,86,0,9.19
18,Darhan,MN,2019-11-04 04:08:10,49.49,105.92,28.45,43,56,8.57
19,Puerto Ayora,EC,2019-11-04 03:58:36,-0.74,-90.35,69.01,90,32,5.99
20,Port Blair,IN,2019-11-04 03:59:34,11.67,92.75,82.33,77,100,14.43
21,Victoria Point,AU,2019-11-04 04:08:10,-27.58,153.3,91.4,65,20,19.46
22,Avarua,CK,2019-11-04 03:58:40,-21.21,-159.78,71.6,60,100,6.93
23,Vaini,IN,2019-11-04 03:58:35,15.34,74.49,77.0,83,0,3.36
24,Hobart,AU,2019-11-04 03:56:50,-42.88,147.33,60.8,58,75,12.75
25,Owatonna,US,2019-11-04 04:08:11,44.08,-93.23,42.01,93,40,10.29
26,Narsaq,GL,2019-11-04 03:58:41,60.91,-46.05,24.8,58,20,1.12
27,Urucara,BR,2019-11-04 04:08:11,-2.54,-57.76,79.09,67,26,1.95
28,Dingle,PH,2019-11-04 03:58:45,11.0,122.67,85.73,74,17,9.91
29,Hambantota,LK,2019-11-04 04:00:17,6.12,81.12,80.6,94,20,2.24
30,Stade,DE,2019-11-04 04:08:13,53.6,9.48,52.0,100,100,4.7
31,Demirci,TR,2019-11-04 04:08:13,39.05,28.66,50.86,63,98,3.89
32,Cayenne,GF,2019-11-04 04:04:19,4.94,-52.33,77.0,94,40,5.84
33,Saint George,GR,2019-11-04 03:59:41,39.45,22.34,66.2,93,40,1.68
34,Shiyan,CN,2019-11-04 04:08:14,32.65,110.78,64.0,24,4,4.79
35,Berja,ES,2019-11-04 04:08:14,36.85,-2.95,60.01,87,0,6.93
36,Fairbanks,US,2019-11-04 03:56:06,64.84,-147.72,19.4,85,90,3.36
37,Hilo,US,2019-11-04 03:59:10,19.71,-155.08,82.4,65,75,6.93
38,The Valley,AI,2019-11-04 04:08:15,18.22,-63.06,80.6,74,20,4.7
39,Chizhou,CN,2019-11-04 04:08:15,30.67,117.49,69.1,45,0,7.85
40,Gamba,CN,2019-11-04 04:08:15,28.28,88.52,26.51,61,83,4.76
41,Tilichiki,RU,2019-11-04 04:08:15,60.47,166.1,30.2,97,100,9.15
42,Oudtshoorn,ZA,2019-11-04 04:08:16,-33.59,22.2,51.8,76,48,2.24
43,Mackay,CA,2019-11-04 04:08:16,53.65,-115.58,30.2,100,90,1.48
44,Salalah,OM,2019-11-04 04:08:16,17.01,54.1,77.0,83,20,4.7
45,Borovoy,RU,2019-11-04 04:08:16,63.23,52.89,27.75,92,100,14.07
46,Mataura,NZ,2019-11-04 03:58:33,-46.19,168.86,73.08,53,68,3.31
47,Bad Ragaz,CH,2019-11-04 04:08:17,47.0,9.5,51.01,81,75,1.12
48,Moyale,ET,2019-11-04 04:08:17,3.52,39.05,66.76,91,69,5.66
49,Yellowknife,CA,2019-11-04 03:58:31,62.45,-114.38,7.0,84,75,5.82
50,Namatanai,PG,2019-11-04 04:08:18,-3.66,152.44,82.11,77,100,3.27
51,Lompoc,US,2019-11-04 03:58:32,34.64,-120.46,57.99,58,1,4.7
52,Eenhana,NA,2019-11-04 04:08:18,-17.48,16.34,72.09,61,67,4.61
53,Sola,TZ,2019-11-04 04:08:19,-3.17,33.8,67.19,47,48,5.84
54,Kruisfontein,ZA,2019-11-04 03:58:33,-34.0,24.73,49.1,92,34,1.92
55,Fenoarivo,MG,2019-11-04 04:08:19,-18.93,47.44,62.6,77,20,8.05
56,Arraial Do Cabo,BR,2019-11-04 03:58:38,-22.97,-42.02,73.74,87,0,15.82
57,Necochea,AR,2019-11-04 04:07:36,-38.55,-58.74,57.43,62,0,14.09
58,Pangnirtung,CA,2019-11-04 03:58:41,66.15,-65.72,17.82,63,100,5.28
59,Lagoa,PT,2019-11-04 03:59:53,37.14,-8.45,63.0,100,75,8.05
60,Tazovskiy,RU,2019-11-04 04:08:20,67.47,78.7,3.74,95,99,8.19
61,Mar Del Plata,AR,2019-11-04 04:00:46,-46.43,-67.52,53.01,37,0,20.65
62,Albany,US,2019-11-04 03:58:42,42.65,-73.75,39.0,93,1,6.93
63,Port Elizabeth,US,2019-11-04 03:58:30,39.31,-74.98,45.0,71,1,4.92
64,Cumpas,MX,2019-11-04 04:08:21,30.0,-109.78,63.5,51,100,3.36
65,Broken Hill,AU,2019-11-04 04:08:21,-31.97,141.45,69.8,30,75,19.46
66,Torbay,CA,2019-11-04 03:59:21,47.66,-52.73,48.0,87,90,26.4
67,Iqaluit,CA,2019-11-04 03:58:45,63.75,-68.52,21.2,73,75,10.29
68,Leningradskiy,RU,2019-11-04 03:58:57,69.38,178.42,17.71,77,1,5.46
69,Abu Samrah,SY,2019-11-04 04:08:22,35.3,37.18,57.88,54,0,7.45
70,Miguel Hidalgo,MX,2019-11-04 04:08:23,19.41,-99.19,59.0,82,90,8.05
71,San Patricio,PY,2019-11-04 03:58:36,-26.98,-56.83,71.96,94,64,9.73
72,Rancho Palos Verdes,US,2019-11-04 04:08:23,33.75,-118.37,64.4,42,1,5.82
73,Dikson,RU,2019-11-04 03:58:28,73.51,80.55,-1.11,95,100,18.66
74,Meulaboh,ID,2019-11-04 03:59:33,4.14,96.13,78.93,74,67,4.63
75,Pevek,RU,2019-11-04 03:58:29,69.7,170.27,14.88,78,96,17.29
76,Cape Town,ZA,2019-11-04 03:57:14,-33.93,18.42,60.01,67,49,12.75
77,Buala,SB,2019-11-04 03:58:34,-8.15,159.59,82.49,75,100,4.61
78,Souillac,FR,2019-11-04 04:00:36,45.6,-0.6,57.2,93,75,14.99
79,Collie,AU,2019-11-04 04:08:25,-33.36,116.15,75.0,35,0,7.45
80,Zacualpan,MX,2019-11-04 04:08:25,21.25,-105.17,81.0,83,5,2.24
81,Port Alfred,ZA,2019-11-04 03:58:55,-33.59,26.89,60.01,90,0,1.99
82,Zhigansk,RU,2019-11-04 04:08:25,66.77,123.37,6.76,93,94,9.4
83,Mangai,CD,2019-11-04 04:08:26,-4.07,19.59,69.67,98,100,0.13
84,Bluff,AU,2019-11-04 03:58:33,-23.58,149.07,87.53,38,3,4.54
85,Petropavlovsk-Kamchatskiy,RU,2019-11-04 03:59:45,53.05,158.65,46.4,61,20,2.71
86,Kapaa,US,2019-11-04 03:58:39,22.08,-159.32,80.6,78,75,4.7
87,Kodiak,US,2019-11-04 03:58:57,39.95,-94.76,53.01,53,1,9.17
88,Caravelas,BR,2019-11-04 04:08:27,-17.73,-39.27,72.18,94,0,8.41
89,Ribeira Grande,PT,2019-11-04 03:58:53,38.52,-28.7,61.3,78,99,5.88
90,Pacific Grove,US,2019-11-04 03:59:16,36.62,-121.92,62.01,66,1,4.7
91,Castro,CL,2019-11-04 03:58:38,-42.48,-73.76,44.6,93,75,8.05
92,Zhanaozen,KZ,2019-11-04 04:08:28,43.35,52.85,31.19,71,0,6.64
93,Atuona,PF,2019-11-04 03:58:30,-9.8,-139.03,80.35,78,0,12.77
94,Margate,AU,2019-11-04 04:08:28,-43.03,147.26,60.8,58,75,12.75
95,Xingcheng,CN,2019-11-04 04:08:28,40.62,120.71,50.45,10,0,0.31
96,Vardo,US,2019-11-04 03:59:41,39.62,-77.74,37.4,69,1,3.36
97,Ponta Do Sol,BR,2019-11-04 03:58:54,-20.63,-46.0,69.03,79,73,1.79
98,Belaya Gora,RU,2019-11-04 04:08:29,68.54,146.19,-1.14,86,0,5.12
99,North Myrtle Beach,US,2019-11-04 04:08:29,33.83,-78.68,50.0,75,1,3.36
100,Abashiri,JP,2019-11-04 04:08:30,44.01,144.25,48.2,42,75,2.24
101,Port Augusta,AU,2019-11-04 04:08:30,-32.49,137.76,66.99,37,3,7.0
102,Sao Jose Da Coroa Grande,BR,2019-11-04 04:08:30,-8.9,-35.15,78.33,78,0,15.79
103,College,US,2019-11-04 04:00:18,64.86,-147.8,19.4,85,90,3.36
104,Bathsheba,BB,2019-11-04 04:08:30,13.22,-59.52,82.4,69,40,16.11
105,Swift Current,CA,2019-11-04 04:08:31,50.29,-107.8,26.6,86,90,16.11
106,Leshukonskoye,RU,2019-11-04 03:59:26,64.9,45.76,33.01,97,100,8.7
107,Cocobeach,GA,2019-11-04 04:08:31,1.01,9.58,78.8,88,20,6.4
108,Sokhos,GR,2019-11-04 04:08:31,40.82,23.35,66.0,82,40,6.93
109,Antequera,ES,2019-11-04 04:08:32,37.02,-4.56,66.99,77,20,2.24
110,Butaritari,KI,2019-11-04 03:59:35,3.07,172.79,84.2,75,10,13.56
111,Azangaro,PE,2019-11-04 04:08:32,-14.91,-70.2,41.52,80,90,7.07
112,Limon,US,2019-11-04 04:08:32,39.26,-103.69,41.0,64,20,3.36
113,Havelock,US,2019-11-04 04:00:43,34.88,-76.9,50.0,75,1,3.0
114,Bethel,US,2019-11-04 03:59:26,60.79,-161.76,21.2,73,1,17.22
115,Touros,BR,2019-11-04 03:59:08,-5.2,-35.46,77.0,83,40,5.82
116,Avera,US,2019-11-04 04:08:33,33.19,-82.53,45.0,87,1,4.47
117,Kamenskiy,RU,2019-11-04 04:08:33,50.89,45.49,26.83,51,0,12.62
118,Ola,RU,2019-11-04 04:08:33,59.58,151.3,35.85,79,22,17.96
119,Hithadhoo,MV,2019-11-04 03:59:34,-0.6,73.08,82.35,69,100,3.47
120,Quatre Cocos,MU,2019-11-04 03:58:52,-20.21,57.76,75.99,78,40,14.99
121,Derzhavinsk,KZ,2019-11-04 04:08:34,51.1,66.31,28.11,95,100,24.79
122,Norman Wells,CA,2019-11-04 03:59:52,65.28,-126.83,15.8,100,90,2.35
123,Zenzeli,RU,2019-11-04 04:08:34,45.92,47.05,33.49,76,21,10.87
124,Vallenar,CL,2019-11-04 04:00:31,-28.58,-70.76,53.11,82,0,4.12
125,La Ronge,CA,2019-11-04 04:08:35,55.1,-105.3,21.2,57,40,11.41
126,Alasehir,TR,2019-11-04 04:08:35,38.35,28.52,55.62,73,74,8.01
127,Georgetown,GY,2019-11-04 03:58:10,6.8,-58.16,75.2,100,20,4.7
128,Hermanus,ZA,2019-11-04 04:08:36,-34.42,19.24,59.0,78,0,10.0
129,Mahebourg,MU,2019-11-04 03:59:15,-20.41,57.7,75.99,78,40,14.99
130,Ancud,CL,2019-11-04 03:59:13,-41.87,-73.83,44.6,93,75,8.05
131,Provideniya,RU,2019-11-04 03:59:09,64.42,-173.23,18.36,86,0,2.59
132,Srednekolymsk,RU,2019-11-04 03:59:31,67.46,153.71,8.2,93,100,5.77
133,Reinosa,ES,2019-11-04 04:08:37,43.0,-4.14,62.01,87,20,6.93
134,Marsa Matruh,EG,2019-11-04 04:08:37,31.35,27.25,60.8,82,0,6.71
135,Mount Isa,AU,2019-11-04 04:08:37,-20.73,139.49,87.8,38,90,13.87
136,Boyolangu,ID,2019-11-04 04:00:22,-8.09,111.9,84.83,60,56,12.8
137,Lorengau,PG,2019-11-04 04:00:43,-2.02,147.27,84.27,69,67,12.86
138,Khatanga,RU,2019-11-04 03:59:11,71.98,102.47,-12.09,96,100,12.41
139,Trairi,BR,2019-11-04 04:08:38,-3.28,-39.27,76.53,82,71,7.52
140,Vangaindrano,MG,2019-11-04 04:08:38,-23.35,47.6,69.04,93,50,5.28
141,Panormos,GR,2019-11-04 04:08:39,38.37,22.25,66.0,64,100,1.99
142,Jiwani,PK,2019-11-04 04:08:39,25.05,61.74,81.61,67,0,8.59
143,Alekseyevsk,RU,2019-11-04 03:59:12,57.84,108.35,17.02,74,39,10.29
144,Carnarvon,ZA,2019-11-04 03:58:43,-30.97,22.13,57.43,51,2,10.13
145,Mumbwa,ZM,2019-11-04 04:08:40,-14.99,27.06,63.77,52,9,2.73
146,Laurel,US,2019-11-04 04:05:55,39.1,-76.85,39.99,86,1,3.36
147,Tiksi,RU,2019-11-04 04:08:40,71.64,128.87,5.92,86,100,8.43
148,Talnakh,RU,2019-11-04 03:59:38,69.49,88.39,-0.41,77,75,15.66
149,Lavrentiya,RU,2019-11-04 04:00:51,65.58,-170.99,26.1,81,0,8.28
150,Waipawa,NZ,2019-11-04 04:08:41,-39.94,176.59,69.01,60,0,11.01
151,Saint-Pierre,FR,2019-11-04 03:58:58,48.95,4.24,50.0,100,30,16.11
152,Iquique,CL,2019-11-04 04:08:42,-20.22,-70.14,64.4,72,90,5.82
153,Polewali,ID,2019-11-04 04:08:42,-4.03,119.8,93.43,42,11,7.52
154,Aflao,TG,2019-11-04 04:08:42,6.12,1.19,73.4,94,20,2.24
155,Nikolskoye,RU,2019-11-04 03:58:47,59.7,30.79,37.4,86,75,8.95
156,Vila Franca Do Campo,PT,2019-11-04 03:59:33,37.72,-25.43,64.4,72,75,5.82
157,Codo,ES,2019-11-04 04:08:43,41.33,-0.7,62.6,59,20,16.11
158,Palmer,AU,2019-11-04 03:59:06,-34.85,139.16,66.99,45,19,23.04
159,Lewisporte,CA,2019-11-04 04:05:55,49.25,-55.06,41.0,93,75,12.75
160,Pisco,PE,2019-11-04 03:59:18,-13.71,-76.2,63.0,88,17,14.99
161,Upernavik,GL,2019-11-04 03:59:38,72.79,-56.15,23.16,78,100,8.68
162,Katsuura,JP,2019-11-04 03:59:51,33.93,134.5,66.2,45,40,19.46
163,Gazanjyk,TM,2019-11-04 04:08:44,39.24,55.52,34.47,58,33,10.94
164,Yulara,AU,2019-11-04 03:59:31,-25.24,130.99,80.6,12,0,16.11
165,Shirpur,IN,2019-11-04 04:08:44,21.35,74.88,78.46,66,21,2.8
166,Goderich,CA,2019-11-04 04:08:45,43.74,-81.71,39.0,82,89,8.01
167,Beckley,US,2019-11-04 04:08:45,37.78,-81.19,39.2,47,1,5.82
168,Columbus,US,2019-11-04 03:54:42,32.46,-84.99,52.0,86,1,4.7
169,Odemira,PT,2019-11-04 04:08:45,37.6,-8.64,63.0,98,67,4.76
170,Tuktoyaktuk,CA,2019-11-04 04:08:46,69.44,-133.03,19.4,92,90,19.46
171,Xinpu,CN,2019-11-04 04:08:46,27.63,119.93,66.4,55,9,6.55
172,Araouane,ML,2019-11-04 04:08:46,18.9,-3.53,78.21,18,17,9.91
173,Husavik,CA,2019-11-04 03:59:32,50.56,-96.99,28.99,96,29,10.25
174,San Carlos De Bariloche,AR,2019-11-04 04:08:46,-41.13,-71.31,46.4,65,40,28.86
175,Kaitangata,NZ,2019-11-04 03:59:00,-46.28,169.85,57.99,71,31,7.0
176,Vao,EE,2019-11-04 04:08:47,59.1,26.19,37.85,94,100,11.32
177,Tabat,ID,2019-11-04 04:08:47,-2.64,115.23,96.37,38,46,3.06
178,Lebu,ET,2019-11-04 04:08:47,8.96,38.73,47.97,81,70,3.49
179,Bilma,NE,2019-11-04 04:08:48,18.69,12.92,75.09,19,0,6.78
180,Dunedin,NZ,2019-11-04 03:58:47,-45.87,170.5,70.0,52,15,5.01
181,Glendive,US,2019-11-04 04:00:51,47.11,-104.71,36.0,83,90,5.82
182,Cherskiy,RU,2019-11-04 04:08:48,68.75,161.3,22.1,81,89,18.37
183,Ixtapa,MX,2019-11-04 04:08:49,20.71,-105.21,81.0,83,5,2.24
184,Chagoda,RU,2019-11-04 04:08:49,59.16,35.33,39.85,99,100,4.0
185,Fernley,US,2019-11-04 04:08:49,39.61,-119.25,51.8,24,1,3.36
186,Puerto Baquerizo Moreno,EC,2019-11-04 04:08:49,-0.9,-89.6,69.04,89,28,15.43
187,New Norfolk,AU,2019-11-04 03:58:53,-42.78,147.06,60.8,46,75,12.75
188,Pandan,PH,2019-11-04 04:08:50,11.72,122.09,83.08,78,39,15.17
189,Leh,IN,2019-11-04 04:08:50,34.16,77.58,22.44,86,97,4.63
190,Severo-Kurilsk,RU,2019-11-04 03:59:27,50.68,156.12,37.63,78,87,14.36
191,Cidreira,BR,2019-11-04 04:08:51,-30.17,-50.22,68.14,76,98,14.29
192,Awbari,LY,2019-11-04 04:08:51,26.59,12.77,74.16,27,5,6.33
193,Nanyang,CN,2019-11-04 04:08:51,33.0,112.53,66.0,25,0,8.79
194,Longyearbyen,NO,2019-11-04 03:59:27,78.22,15.63,15.8,61,20,14.99
195,Qaqortoq,GL,2019-11-04 04:08:52,60.72,-46.03,24.8,58,20,1.12
196,Jiuquan,CN,2019-11-04 04:08:52,39.73,98.49,41.85,29,87,3.18
197,Grand-Santi,GF,2019-11-04 04:08:52,4.27,-54.38,72.16,98,12,1.36
198,Tessalit,ML,2019-11-04 04:08:52,20.2,1.01,75.69,21,0,9.01
199,Khrebtovaya,RU,2019-11-04 04:08:53,56.71,104.25,17.11,80,56,6.73
200,Comodoro Rivadavia,AR,2019-11-04 04:00:48,-45.87,-67.48,53.6,37,0,28.86
201,Skala,GR,2019-11-04 04:08:53,36.85,22.66,64.99,93,75,1.72
202,Geraldton,CA,2019-11-04 03:59:00,49.72,-86.95,26.6,86,90,5.82
203,Hof,DE,2019-11-04 04:06:11,50.32,11.92,50.0,100,90,6.93
204,Beyneu,KZ,2019-11-04 04:08:54,45.32,55.19,28.87,65,0,9.51
205,Hit,IQ,2019-11-04 04:08:54,33.64,42.83,72.07,51,75,8.16
206,Koumac,NC,2019-11-04 03:59:16,-20.56,164.28,79.86,49,60,1.28
207,Samarai,PG,2019-11-04 04:08:54,-10.62,150.67,82.53,63,53,8.79
208,Sioux Lookout,CA,2019-11-04 04:08:55,50.1,-91.92,30.2,92,90,8.05
209,Luena,AO,2019-11-04 04:08:55,-11.78,19.91,63.82,88,66,3.29
210,Guerrero Negro,MX,2019-11-04 04:08:55,27.97,-114.04,68.05,54,1,8.59
211,Carbonear,CA,2019-11-04 04:08:55,47.73,-53.24,46.99,87,90,26.4
212,Fortuna,US,2019-11-04 04:08:56,40.6,-124.16,48.2,93,1,3.36
213,Vostok,RU,2019-11-04 04:00:29,46.45,135.83,28.51,51,0,3.98
214,Harper,US,2019-11-04 04:08:56,30.3,-99.24,57.99,50,1,3.36
215,Victoria,BN,2019-11-04 04:08:56,5.28,115.24,89.6,66,75,4.7
216,Bontoc,PH,2019-11-04 04:08:57,17.09,120.98,76.66,67,85,2.48
217,Kushiro,JP,2019-11-04 04:08:57,43.11,144.15,50.0,53,40,10.29
218,Inhambane,MZ,2019-11-04 04:00:10,-23.87,35.38,73.4,94,0,0.78
219,Maceio,BR,2019-11-04 04:08:57,-9.67,-35.74,73.4,94,40,4.7
220,Hovd,NO,2019-11-04 04:08:57,63.83,10.7,33.01,78,0,9.17
221,Sargatskoye,RU,2019-11-04 04:08:58,55.6,73.49,26.26,67,100,5.77
222,Omboue,GA,2019-11-04 04:08:58,-1.57,9.26,74.57,97,99,1.72
223,Slyudyanka,RU,2019-11-04 04:08:58,51.66,103.72,18.91,73,99,2.77
224,Airai,TL,2019-11-04 04:08:58,-8.93,125.41,86.2,33,68,8.97
225,Beroroha,MG,2019-11-04 04:08:58,-21.68,45.17,71.56,61,0,3.18
226,Vila Velha,BR,2019-11-04 04:08:59,-3.71,-38.6,80.6,74,75,12.75
227,Saldanha,PT,2019-11-04 03:59:17,41.42,-6.55,54.77,83,100,22.03
228,Sur,OM,2019-11-04 04:09:00,22.57,59.53,78.06,67,88,7.25
229,Ornskoldsvik,SE,2019-11-04 04:09:00,63.29,18.72,21.2,79,41,4.7
230,Nantucket,US,2019-11-04 04:09:00,41.28,-70.1,48.2,80,1,13.51
231,Port Macquarie,AU,2019-11-04 04:09:00,-31.43,152.91,82.99,56,75,21.92
232,Kavaratti,IN,2019-11-04 03:59:26,10.57,72.64,84.2,74,20,7.23
233,Richards Bay,ZA,2019-11-04 03:59:30,-28.77,32.06,71.6,76,0,9.04
234,Skibotn,NO,2019-11-04 04:09:01,69.39,20.27,30.2,92,75,11.41
235,Chokurdakh,RU,2019-11-04 04:09:01,70.62,147.9,-3.84,95,54,9.69
236,Ilulissat,GL,2019-11-04 03:59:34,69.22,-51.1,23.0,53,79,3.36
237,East London,ZA,2019-11-04 03:59:14,-33.02,27.91,59.0,82,0,8.05
238,Mercedes,UY,2019-11-04 04:09:02,-33.25,-58.03,66.99,83,63,1.01
239,Presidencia Roque Saenz Pena,AR,2019-11-04 04:00:44,-26.79,-60.44,71.26,92,0,6.13
240,Havoysund,NO,2019-11-04 04:09:02,71.0,24.66,33.8,64,75,25.28
241,Nhulunbuy,AU,2019-11-04 04:09:02,-12.18,136.78,86.0,62,75,11.41
242,Muros,ES,2019-11-04 03:59:35,42.77,-9.06,64.0,100,75,12.75
243,Russell,US,2019-11-04 04:09:03,38.9,-98.86,48.2,42,1,5.82
244,Alofi,NU,2019-11-04 03:59:20,-19.06,-169.92,73.4,60,100,10.29
245,Stykkisholmur,IS,2019-11-04 04:09:04,65.08,-22.73,30.85,66,100,5.3
246,Rafraf,TN,2019-11-04 04:09:04,37.19,10.18,64.4,77,40,2.24
247,Taoudenni,ML,2019-11-04 04:09:04,22.68,-3.98,74.05,31,0,5.86
248,Tura,RU,2019-11-04 04:00:27,64.27,100.22,-5.89,87,100,2.73
249,Grants Pass,US,2019-11-04 04:00:03,42.44,-123.33,53.6,62,0,3.58
250,Port Hedland,AU,2019-11-04 03:59:06,-20.31,118.58,102.2,6,81,17.22
251,Toamasina,MG,2019-11-04 04:09:05,-18.17,49.38,69.8,94,75,4.7
252,Nizhniy Chir,RU,2019-11-04 04:09:06,48.36,43.08,32.05,87,92,13.51
253,Road Town,VG,2019-11-04 04:09:06,18.42,-64.62,78.8,78,1,12.19
254,Churapcha,RU,2019-11-04 04:09:06,62.0,132.43,12.99,93,100,3.91
255,Maniitsoq,GL,2019-11-04 04:09:06,65.42,-52.9,28.94,62,93,14.0
256,Esperance,AU,2019-11-04 04:09:06,-33.86,121.89,73.4,43,100,8.05
257,Ron,IN,2019-11-04 04:09:07,15.7,75.73,76.8,70,0,5.3
258,Locri,IT,2019-11-04 04:09:07,38.24,16.26,66.0,82,90,2.24
259,Marataizes,BR,2019-11-04 04:09:07,-21.04,-40.82,72.77,82,0,3.69
260,Itarema,BR,2019-11-04 04:09:07,-2.92,-39.92,78.15,81,16,9.78
261,Nanortalik,GL,2019-11-04 04:00:18,60.14,-45.24,33.91,71,74,11.18
262,Qaanaaq,GL,2019-11-04 04:09:08,77.48,-69.36,15.12,79,100,10.18
263,Machaneng,BW,2019-11-04 04:09:08,-23.19,27.49,73.98,35,0,6.53
264,Poum,MK,2019-11-04 04:09:08,41.28,20.71,52.45,85,100,8.93
265,Moranbah,AU,2019-11-04 04:09:09,-22.0,148.04,90.27,33,0,6.67
266,Ostrovnoy,RU,2019-11-04 04:09:09,68.05,39.51,23.79,96,100,6.31
267,Inongo,CD,2019-11-04 04:09:09,-1.93,18.29,71.44,93,92,1.41
268,Kieta,PG,2019-11-04 03:59:14,-6.22,155.63,81.21,79,100,13.56
269,Wladyslawowo,PL,2019-11-04 04:09:10,54.79,18.4,52.0,93,75,6.93
270,Zalesovo,RU,2019-11-04 04:09:10,54.0,84.74,29.01,50,100,8.66
271,Qiongshan,CN,2019-11-04 04:09:10,20.01,110.35,80.6,61,40,15.66
272,Arkhangelsk,RU,2019-11-04 04:09:10,64.54,40.54,33.8,80,90,11.18
273,Broome,GB,2019-11-04 04:00:57,52.47,1.45,48.99,100,76,2.24
274,Hustopece,CZ,2019-11-04 04:09:11,48.94,16.74,55.4,76,90,12.75
275,Tottori,JP,2019-11-04 04:04:57,35.5,134.23,60.8,51,40,13.87
276,Kidal,ML,2019-11-04 04:09:11,18.44,1.41,77.09,17,8,7.23
277,Praia Da Vitoria,PT,2019-11-04 04:00:47,38.73,-27.07,64.4,88,75,7.25
278,The Pas,CA,2019-11-04 04:09:13,53.82,-101.24,23.0,57,40,21.92
279,Ceres,BR,2019-11-04 04:09:14,-15.31,-49.6,68.95,94,100,3.69
280,Rawson,AR,2019-11-04 04:09:14,-43.3,-65.11,59.99,45,100,31.21
281,Saskylakh,RU,2019-11-04 04:00:08,71.97,114.09,-19.18,95,100,11.77
282,Walvis Bay,NA,2019-11-04 04:09:14,-22.95,14.51,64.99,81,0,1.01
283,Neryungri,RU,2019-11-04 04:09:14,56.66,124.71,16.72,94,100,4.61
284,Belmonte,PT,2019-11-04 04:00:50,40.36,-7.35,57.0,95,100,10.0
285,Kavieng,PG,2019-11-04 03:59:50,-2.57,150.8,83.32,75,100,10.98
286,Burns Lake,CA,2019-11-04 04:09:15,54.23,-125.76,40.17,96,100,2.39
287,Tabas,IR,2019-11-04 04:09:15,33.6,56.92,55.4,45,3,4.7
288,Vanavara,RU,2019-11-04 04:09:16,60.35,102.28,8.82,85,100,9.51
289,Flin Flon,CA,2019-11-04 04:00:34,54.77,-101.88,15.78,69,0,9.91
290,Coahuayana,MX,2019-11-04 04:00:26,18.62,-100.35,72.37,80,0,2.98
291,Hofn,IS,2019-11-04 03:59:35,64.25,-15.21,37.71,76,100,26.78
292,Kaeo,NZ,2019-11-04 04:00:55,-35.1,173.78,87.01,52,38,12.55
293,Mount Gambier,AU,2019-11-04 04:09:17,-37.83,140.78,50.0,87,40,25.28
294,Hasaki,JP,2019-11-04 03:59:42,35.73,140.83,66.0,63,20,9.17
295,Xapuri,BR,2019-11-04 04:09:18,-10.65,-68.5,72.1,96,96,4.14
296,Tupik,RU,2019-11-04 04:09:18,54.43,119.94,20.84,94,100,4.61
297,Vanimo,PG,2019-11-04 04:09:18,-2.67,141.3,77.36,88,100,13.02
298,Erzin,TR,2019-11-04 04:09:18,36.95,36.2,57.0,71,40,9.17
299,Jinchang,CN,2019-11-04 04:09:19,38.52,102.19,43.0,45,64,5.73
300,Thompson,CA,2019-11-04 04:05:32,55.74,-97.86,15.8,78,90,10.29
301,Barcelona,ES,2019-11-04 04:09:19,41.38,2.18,62.01,55,12,14.99
302,Doctor Arroyo,MX,2019-11-04 04:09:20,23.67,-100.18,54.91,87,54,4.81
303,Salisbury,GB,2019-11-04 04:09:20,51.07,-1.8,48.99,100,79,3.36
304,Mehamn,NO,2019-11-04 04:09:20,71.03,27.85,33.8,70,75,36.91
305,Anori,BR,2019-11-04 04:09:21,-3.74,-61.66,78.24,73,15,1.34
306,Lichinga,MZ,2019-11-04 04:09:21,-13.3,35.25,66.18,79,0,2.68
307,Panzhihua,CN,2019-11-04 04:09:21,26.59,101.72,69.01,59,0,0.58
308,Otradnoye,RU,2019-11-04 04:09:21,59.77,30.8,37.4,86,75,8.95
309,Kudahuvadhoo,MV,2019-11-04 04:00:40,2.67,72.89,82.53,70,33,4.61
310,Saint-Augustin,CA,2019-11-04 03:59:40,45.63,-73.98,39.99,92,75,4.7
311,Gold Coast,AU,2019-11-04 04:09:22,-28.0,153.41,89.01,66,37,8.01
312,Tiznit,MA,2019-11-04 04:09:22,29.7,-9.73,56.98,94,16,0.31
313,Luderitz,NA,2019-11-04 04:09:22,-26.65,15.16,57.65,79,0,16.33
314,Bambous Virieux,MU,2019-11-04 04:09:23,-20.34,57.76,77.0,78,40,14.99
315,La Sarre,CA,2019-11-04 04:09:23,48.8,-79.2,20.05,91,0,4.16
316,Grootfontein,NA,2019-11-04 04:09:23,-19.56,18.1,67.62,64,56,2.75
317,Nishihara,JP,2019-11-04 04:09:23,35.74,139.53,70.0,68,20,8.05
318,Rajo Khanani,PK,2019-11-04 04:09:24,24.98,68.85,82.51,55,0,5.19
319,Amapa,HN,2019-11-04 04:09:24,15.09,-87.97,75.2,94,20,0.76
320,Port Hardy,CA,2019-11-04 03:59:31,50.7,-127.42,50.0,93,90,1.68
321,Alice Springs,AU,2019-11-04 04:00:26,-23.7,133.88,82.4,13,0,16.11
322,Faanui,PF,2019-11-04 04:09:25,-16.48,-151.75,80.4,77,92,9.01
323,Rockland,CA,2019-11-04 04:09:25,45.55,-75.29,37.0,86,20,8.05
324,Tocopilla,CL,2019-11-04 03:59:33,-22.09,-70.2,52.72,27,0,1.99
325,Saint-Joseph,FR,2019-11-04 04:09:25,43.56,6.97,59.0,66,0,20.8
326,Ust-Ilimsk,RU,2019-11-04 04:09:25,57.96,102.73,18.37,65,100,8.46
327,Shouguang,CN,2019-11-04 04:09:26,36.88,118.73,64.0,37,0,5.77
328,Calabozo,VE,2019-11-04 04:09:26,8.92,-67.43,74.21,94,24,4.32
329,Boende,CD,2019-11-04 04:00:52,-0.28,20.88,70.27,97,91,1.72
330,Siloam Springs,US,2019-11-04 04:07:43,36.19,-94.54,48.99,65,1,4.7
331,Fuyang,CN,2019-11-04 04:09:27,32.89,115.81,64.65,50,0,5.79
332,Ylivieska,FI,2019-11-04 04:09:27,64.07,24.53,34.0,93,0,1.99
333,Visnes,NO,2019-11-04 04:09:27,59.36,5.22,46.0,56,99,8.05
334,Sitangkai,PH,2019-11-04 04:09:29,4.66,119.39,85.3,67,34,9.08
335,Salinopolis,BR,2019-11-04 04:09:29,-0.61,-47.36,81.66,80,0,17.81
336,Ellensburg,US,2019-11-04 04:09:29,47.0,-120.55,41.0,69,1,5.82
337,Juneau,US,2019-11-04 04:09:29,58.3,-134.42,44.01,100,90,3.04
338,Wilmington,US,2019-11-04 04:09:29,39.75,-75.55,42.8,86,1,5.21
339,Lincoln,GB,2019-11-04 04:09:30,53.23,-0.54,46.99,93,90,4.7
340,Chimala,TZ,2019-11-04 04:09:30,-8.86,34.02,53.67,59,62,4.0
341,George Town,MY,2019-11-04 04:09:30,5.42,100.33,84.2,83,75,4.7
342,Coihaique,CL,2019-11-04 04:00:15,-45.58,-72.07,39.2,93,75,9.17
343,Klaksvik,FO,2019-11-04 04:00:48,62.23,-6.59,39.2,70,100,10.29
344,Yarada,IN,2019-11-04 04:09:31,17.65,83.27,82.4,69,20,3.36
345,Urubamba,PE,2019-11-04 04:09:31,-13.31,-72.12,57.2,50,75,3.36
346,Lata,IN,2019-11-04 03:59:33,30.78,78.62,28.47,56,2,1.86
347,Sale,AU,2019-11-04 04:09:31,-38.11,147.06,60.01,78,25,7.0
348,Carballo,ES,2019-11-04 04:09:32,43.21,-8.69,61.0,100,75,12.75
349,Ambon,FR,2019-11-04 04:09:32,47.55,-2.56,57.2,93,75,5.82
350,Anadyr,RU,2019-11-04 03:59:36,64.73,177.51,23.0,92,90,2.24
351,Huimanguillo,MX,2019-11-04 04:09:33,17.83,-93.39,73.4,100,75,8.19
352,Kharp,RU,2019-11-04 04:09:33,66.82,65.8,-2.42,100,97,6.17
353,Chuy,UY,2019-11-04 04:09:33,-33.69,-53.46,57.47,88,0,7.43
354,Tamandare,BR,2019-11-04 04:09:33,-8.28,-70.75,72.5,97,67,2.55
355,Zabol,IR,2019-11-04 04:09:34,31.03,61.49,59.0,58,0,20.8
356,Yenagoa,NG,2019-11-04 04:09:34,4.92,6.26,73.06,95,64,2.42
357,Bonavista,CA,2019-11-04 04:00:21,48.65,-53.11,48.0,88,100,18.01
358,Vestmannaeyjar,IS,2019-11-04 04:09:34,63.44,-20.27,39.07,62,100,7.07
359,Newport,US,2019-11-04 04:09:35,41.49,-71.31,44.6,80,1,5.82
360,Palauig,PH,2019-11-04 04:09:35,15.44,119.9,82.96,70,100,8.97
361,Gravelbourg,CA,2019-11-04 04:09:35,49.88,-106.56,27.55,88,100,15.21
362,Yeppoon,AU,2019-11-04 04:09:36,-23.13,150.74,89.6,38,40,5.82
363,Grindavik,IS,2019-11-04 04:09:36,63.84,-22.43,36.0,79,90,11.41
364,Rocha,UY,2019-11-04 03:59:52,-34.48,-54.34,51.22,97,13,6.11
365,Marin,AR,2019-11-04 04:09:36,-38.98,-67.84,68.0,20,12,14.99
366,Lumby,CA,2019-11-04 04:06:29,50.25,-118.97,41.0,86,90,0.76
367,Bonthe,SL,2019-11-04 04:09:37,7.53,-12.5,77.92,86,1,3.87
368,Hami,CN,2019-11-04 04:09:37,42.84,93.51,57.92,21,100,3.02
369,Horana,LK,2019-11-04 04:09:05,6.72,80.06,82.4,78,20,2.24
370,Nouadhibou,MR,2019-11-04 04:09:38,20.93,-17.03,75.2,57,2,13.87
371,Chandla,IN,2019-11-04 04:09:38,25.06,80.17,75.2,83,40,3.36
372,Te Anau,NZ,2019-11-04 04:09:38,-45.41,167.72,58.66,64,100,8.41
373,Salekhard,RU,2019-11-04 04:00:49,66.54,66.62,0.23,99,100,4.47
374,Proletarskiy,RU,2019-11-04 04:09:39,50.79,35.77,39.2,100,75,13.42
375,Ballina,IE,2019-11-04 04:09:39,54.11,-9.15,46.0,95,100,1.01
376,Dogondoutchi,NE,2019-11-04 04:09:39,13.64,4.03,79.65,23,17,2.26
377,Bereda,ES,2019-11-04 04:09:40,43.27,-7.54,59.0,93,75,18.34
378,Filadelfia,PY,2019-11-04 04:09:40,-22.35,-60.04,85.3,48,33,7.96
379,Thinadhoo,MV,2019-11-04 04:09:40,0.53,72.93,82.15,69,46,1.5
380,Penzance,GB,2019-11-04 04:09:41,50.12,-5.53,53.01,81,80,24.16
381,Bubaque,GW,2019-11-04 04:00:11,11.28,-15.83,83.44,76,42,10.25
382,Bercel,HU,2019-11-04 04:09:41,47.87,19.4,55.99,100,75,4.7
383,Sobolevo,RU,2019-11-04 04:09:41,54.43,31.9,50.05,91,100,16.11
384,Linqiong,CN,2019-11-04 04:09:42,30.42,103.46,69.01,93,40,3.44
385,Port Washington,US,2019-11-04 04:09:11,43.39,-87.88,43.0,80,90,8.05
386,Batagay,RU,2019-11-04 04:09:42,67.65,134.64,7.95,79,0,3.76
387,Shatoy,RU,2019-11-04 04:09:43,42.87,45.69,30.2,100,90,2.24
388,Bangolo,CI,2019-11-04 04:09:43,7.01,-7.49,69.87,87,12,0.74
389,Svetlogorsk,RU,2019-11-04 04:09:44,53.14,59.15,10.4,92,0,6.71
390,Mugango,TZ,2019-11-04 04:09:44,-1.69,33.7,68.0,88,40,18.79
391,Angoche,MZ,2019-11-04 04:09:44,-16.23,39.91,74.61,95,1,0.43
392,Alice Town,BS,2019-11-04 04:00:29,25.72,-79.3,80.04,73,0,15.43
393,Udachnyy,RU,2019-11-04 04:09:44,66.42,112.4,-7.61,83,90,8.95
394,Aleksandrov Gay,RU,2019-11-04 04:09:45,50.14,48.57,25.2,51,0,7.76
395,Minsk,BY,2019-11-04 04:09:45,53.9,27.56,50.0,93,40,13.42
396,Buraydah,SA,2019-11-04 04:09:46,26.33,43.97,68.0,52,0,3.36
397,Acari,BR,2019-11-04 04:09:46,-6.44,-36.64,68.68,89,68,20.94
398,Newberry,US,2019-11-04 04:09:46,46.35,-85.51,33.8,80,90,3.6
399,Srandakan,ID,2019-11-04 04:09:47,-7.94,110.25,82.94,63,74,12.95
400,Lesosibirsk,RU,2019-11-04 04:09:47,58.22,92.49,22.05,66,100,5.55
401,Porto Walter,BR,2019-11-04 04:09:47,-8.27,-72.74,72.61,93,53,2.13
402,Nizhniy Tagil,RU,2019-11-04 04:09:47,57.92,59.97,22.08,85,97,7.54
403,Faya,SA,2019-11-04 04:09:48,18.39,42.45,57.2,81,100,4.16
404,Bainbridge,US,2019-11-04 04:09:48,30.9,-84.58,55.4,76,1,6.93
405,Xuddur,SO,2019-11-04 04:09:48,4.12,43.89,70.56,89,100,5.46
406,Guilin,CN,2019-11-04 04:09:48,25.28,110.29,75.2,38,19,15.66
407,Acapulco,MX,2019-11-04 04:00:24,16.86,-99.88,82.4,78,40,3.36
408,San Quintin,PH,2019-11-04 04:09:49,17.54,120.52,85.75,65,100,5.08
409,Portales,US,2019-11-04 04:09:50,34.19,-103.33,55.99,28,1,11.41
410,Shitanjing,CN,2019-11-04 04:09:50,39.23,106.34,52.86,44,0,5.17
411,Casablanca,MA,2019-11-04 04:09:50,33.6,-7.62,63.0,100,40,3.36
412,Bandipur,IN,2019-11-04 04:09:50,11.67,76.63,69.58,73,96,2.1
413,Maragogi,BR,2019-11-04 04:09:50,-9.01,-35.22,78.33,78,0,15.79
414,Skjervoy,NO,2019-11-04 04:09:51,70.03,20.97,35.33,51,100,4.25
415,Kahului,US,2019-11-04 04:09:01,20.89,-156.47,82.4,58,20,13.87
416,Tampico,MX,2019-11-04 04:07:54,22.22,-97.85,69.8,83,75,5.82
417,Koudougou,BF,2019-11-04 04:09:51,12.25,-2.37,79.38,54,0,4.83
418,Arauca,VE,2019-11-04 04:05:46,7.08,-70.76,74.03,92,66,2.24
419,Saint Anthony,US,2019-11-04 04:09:53,43.97,-111.68,33.8,64,90,3.36
420,Crailsheim,DE,2019-11-04 04:09:53,49.14,10.07,51.01,93,75,14.99
421,Laguna,BZ,2019-11-04 04:09:53,16.17,-88.94,73.4,100,20,1.14
422,Naryan-Mar,RU,2019-11-04 04:09:54,67.67,53.09,21.09,93,100,23.24
423,Balsas,BR,2019-11-04 04:09:54,-7.53,-46.04,73.85,87,100,4.03
424,Callaway,US,2019-11-04 04:09:54,46.98,-95.91,37.4,96,90,10.29
425,Tonstad,NO,2019-11-04 04:09:54,58.66,6.71,44.6,65,90,8.05
426,Bambanglipuro,ID,2019-11-04 04:09:54,-7.95,110.28,82.94,63,74,12.95
427,Hokitika,NZ,2019-11-04 04:09:55,-42.72,170.96,58.14,78,70,6.69
428,Jacareacanga,BR,2019-11-04 04:09:55,-6.22,-57.76,78.35,68,43,0.72
429,Imbituba,BR,2019-11-04 04:09:55,-28.24,-48.67,69.8,88,40,8.05
430,Tezu,IN,2019-11-04 04:09:55,27.93,96.16,75.56,51,0,2.55
431,Pouebo,NC,2019-11-04 04:09:56,-20.4,164.57,79.86,49,60,1.28
432,Beisfjord,NO,2019-11-04 04:09:56,68.38,17.6,28.0,92,42,8.05
433,Yumen,CN,2019-11-04 04:09:56,40.29,97.04,49.19,26,100,16.69
434,Gavle,SE,2019-11-04 04:09:56,60.67,17.14,28.0,72,100,4.0
435,Mogadishu,SO,2019-11-04 04:09:57,2.04,45.34,80.6,74,40,11.41
436,Manggar,ID,2019-11-04 04:09:57,-2.88,108.27,83.66,74,15,9.46
437,Warman,CA,2019-11-04 04:09:57,52.32,-106.58,23.0,73,40,12.75
438,Paamiut,GL,2019-11-04 04:09:58,61.99,-49.67,31.68,49,100,10.33
439,Santa Fe,AR,2019-11-04 04:09:58,-31.62,-60.7,72.0,92,100,1.99
440,Galveston,US,2019-11-04 04:09:58,40.58,-86.19,48.2,61,90,11.41
441,Oranjemund,ZA,2019-11-04 04:00:56,-28.55,16.43,53.67,95,0,0.56
442,Ozark,US,2019-11-04 04:09:59,37.02,-93.21,50.0,57,1,3.36
443,Havre-Saint-Pierre,CA,2019-11-04 04:09:59,50.23,-63.6,33.8,80,90,20.11
444,Biloela,AU,2019-11-04 04:09:59,-24.4,150.51,83.34,46,51,7.92
445,Huarmey,PE,2019-11-04 04:00:31,-10.07,-78.15,63.88,75,98,1.83
446,Kenai,US,2019-11-04 04:09:59,60.55,-151.26,37.99,86,90,8.05
447,Zhicheng,CN,2019-11-04 04:10:00,35.04,112.59,59.32,57,0,3.02
448,Bouna,CI,2019-11-04 04:10:00,9.27,-3.0,74.8,65,100,3.8
449,Port Moresby,PG,2019-11-04 04:10:00,-9.47,147.16,87.8,66,20,17.22
450,Daru,PG,2019-11-04 04:10:00,-9.07,143.21,86.2,61,68,10.92
451,Neuquen,AR,2019-11-04 04:05:13,-38.95,-68.06,68.0,20,12,14.99
452,Gashua,NG,2019-11-04 04:10:01,12.87,11.04,78.69,16,0,8.75
453,Auki,NG,2019-11-04 04:10:01,12.18,6.51,75.47,33,85,3.42
454,Sakaiminato,JP,2019-11-04 04:10:01,35.55,133.23,62.6,42,75,9.17
455,Dong Hoi,VN,2019-11-04 04:10:02,17.48,106.6,74.79,88,97,13.51
456,Yerbogachen,RU,2019-11-04 04:10:02,61.28,108.01,6.19,83,96,11.74
457,Chicama,PE,2019-11-04 04:00:08,-7.84,-79.15,64.4,82,75,8.05
458,Eyl,SO,2019-11-04 04:10:02,7.98,49.82,81.52,78,100,9.48
459,Chapais,CA,2019-11-04 04:00:26,49.78,-74.86,26.6,92,90,8.05
460,Salinas,US,2019-11-04 04:10:03,36.67,-121.66,61.0,54,1,3.36
461,Koppies,ZA,2019-11-04 04:10:03,-27.24,27.57,62.2,26,28,8.46
462,Soto La Marina,MX,2019-11-04 04:10:03,23.77,-98.21,65.64,87,71,3.76
463,Mukhen,RU,2019-11-04 04:10:03,48.19,136.14,33.37,37,0,4.59
464,Shubarshi,KZ,2019-11-04 04:10:04,48.59,57.19,19.6,78,0,12.41
465,Buena Vista,BO,2019-11-04 04:10:04,-21.99,-63.81,68.07,92,100,3.51
466,Ilo,PE,2019-11-04 04:10:04,-17.65,-71.34,63.7,79,61,2.51
467,Kollo,NE,2019-11-04 04:10:05,13.34,2.32,78.8,47,0,1.12
468,Bucarasica,CO,2019-11-04 04:10:05,8.04,-72.87,80.6,78,40,4.7
469,Manakara,MG,2019-11-04 04:10:05,-22.14,48.01,69.08,93,22,2.8
470,Yining,CN,2019-11-04 04:10:05,29.04,114.56,69.78,43,0,5.32
471,Umm Kaddadah,SD,2019-11-04 04:10:06,13.6,26.69,77.31,16,24,13.87
472,Gingoog,PH,2019-11-04 04:10:06,8.82,125.1,84.99,73,71,7.0
473,Damavand,IR,2019-11-04 04:10:06,35.72,52.07,53.6,58,40,6.93
474,Satana,IN,2019-11-04 04:10:06,20.6,74.2,73.11,76,5,2.91
475,Goure,NE,2019-11-04 04:10:07,13.98,10.27,80.01,17,0,5.99
476,Makat,KZ,2019-11-04 04:10:07,47.65,53.35,25.2,58,0,6.24
477,Fukue,JP,2019-11-04 04:10:07,35.03,136.69,66.2,48,20,24.16
478,Little Current,CA,2019-11-04 04:10:07,45.98,-81.93,37.4,69,90,9.17
479,Dudinka,RU,2019-11-04 04:00:34,69.41,86.18,-0.41,77,75,15.66
480,Linxia,CN,2019-11-04 04:10:08,35.6,103.21,45.12,46,100,4.76
481,Guanica,PR,2019-11-04 04:10:08,17.97,-66.91,77.0,88,1,4.7
482,Barra Do Garcas,BR,2019-11-04 04:10:08,-15.89,-52.26,71.38,95,100,12.37
483,Shamary,RU,2019-11-04 04:10:08,57.34,58.22,21.4,88,100,9.51
484,San Cristobal,HN,2019-11-04 04:10:09,14.68,-86.92,64.09,98,37,2.71
485,Methoni,GR,2019-11-04 04:10:09,36.82,21.7,64.99,93,75,14.05
486,Letka,BA,2019-11-04 04:10:09,43.74,17.27,66.2,77,75,13.87
487,Japura,ID,2019-11-04 04:10:09,-0.42,102.29,88.97,59,97,2.86
488,Ballinasloe,IE,2019-11-04 04:10:10,53.33,-8.22,43.41,95,100,1.54
489,Magadan,RU,2019-11-04 04:10:10,59.56,150.8,36.7,73,23,18.12
490,Muli,CN,2019-11-04 04:00:42,28.08,109.56,63.54,54,0,8.81
491,Lufilufi,WS,2019-11-04 04:10:11,-13.87,-171.6,87.8,62,20,10.29
492,Chiredzi,ZW,2019-11-04 04:10:11,-21.05,31.67,70.05,49,19,4.43
493,Tafalla,ES,2019-11-04 04:10:11,42.53,-1.67,57.99,76,75,6.93
494,Ratnagiri,IN,2019-11-04 04:10:12,16.98,73.3,77.29,80,32,1.79
495,Ushtobe,KZ,2019-11-04 04:10:12,45.25,77.98,56.48,48,78,3.53
496,Jutai,BR,2019-11-04 04:10:12,-1.71,-47.89,73.72,95,0,2.98
497,Moose Factory,CA,2019-11-04 04:10:12,51.26,-80.61,24.8,85,90,6.93
498,Vlasenica,BA,2019-11-04 04:10:12,44.18,18.94,62.6,93,90,9.17
499,Miraflores,PE,2019-11-04 04:10:13,-16.39,-71.52,55.4,71,29,3.36
500,Mehran,IR,2019-11-04 04:00:39,33.12,46.17,50.0,71,0,4.7
501,Karratha,AU,2019-11-04 04:10:13,-20.74,116.85,80.1,48,93,11.21
502,Kyzyl-Mazhalyk,RU,2019-11-04 04:10:13,51.15,90.58,22.41,62,100,1.19
503,Muscat,OM,2019-11-04 04:06:03,23.6,58.55,78.8,78,40,1.12
504,Ayan,IR,2019-11-04 04:10:14,38.23,44.7,28.18,79,0,0.85
505,Tarko-Sale,RU,2019-11-04 04:10:14,64.92,77.78,0.45,97,45,6.98
506,Poronaysk,RU,2019-11-04 04:10:14,49.22,143.1,39.79,61,45,12.86
507,Sena Madureira,BR,2019-11-04 04:10:15,-9.07,-68.66,72.3,98,90,3.31
508,Mandalgovi,MN,2019-11-04 04:10:15,45.76,106.27,34.45,51,0,19.77
509,Horki,BY,2019-11-04 04:10:15,54.29,30.98,49.14,91,100,18.1
510,Lamu,CN,2019-11-04 04:10:15,35.77,102.37,40.01,52,100,3.67
511,Axim,GH,2019-11-04 04:00:24,4.87,-2.24,73.89,91,7,2.08
512,Aldan,RU,2019-11-04 04:10:16,58.61,125.39,17.24,95,100,12.75
513,Sinnamary,GF,2019-11-04 04:10:16,5.38,-52.96,82.56,82,85,17.52
514,Arica,CL,2019-11-04 04:10:16,-18.48,-70.32,66.2,63,20,4.7
515,Beira,ES,2019-11-04 04:10:16,43.2,-8.36,61.0,100,75,12.75
516,Sao Felix Do Xingu,BR,2019-11-04 04:10:17,-6.64,-51.99,78.4,61,28,1.5
517,Atar,MR,2019-11-04 04:10:17,20.52,-13.05,75.24,26,0,7.78
518,Springbok,ZA,2019-11-04 04:10:17,-29.67,17.88,59.18,31,0,6.13
519,Yar-Sale,RU,2019-11-04 04:10:17,66.83,70.83,2.23,94,0,9.42
520,Pomoryany,UA,2019-11-04 04:10:17,49.64,24.93,50.41,89,25,7.78
